Title,Link
AI Code Reviews,https://github.comhttps://github.com/resources/articles/ai/ai-code-reviews
What Is Vibe Coding?,https://github.comhttps://github.com/resources/articles/ai/what-is-vibe-coding
What is Agentic AI?,https://github.comhttps://github.com/resources/articles/ai/what-is-agentic-ai
Machine Learning (ML) in Software Development,https://github.comhttps://github.com/resources/articles/ai/machine-learning-in-software-development
What are Generative AI Models?,https://github.comhttps://github.com/resources/articles/ai/what-are-generative-ai-models
What are AI models?,https://github.comhttps://github.com/resources/articles/ai/what-are-ai-models
What are AI agents?,https://github.comhttps://github.com/resources/articles/ai/what-are-ai-agents
Enhancing software development with retrieval-augmented generation,https://github.comhttps://github.com/resources/articles/ai/software-development-with-retrieval-augmentation-generation-rag
What is Natural language processing (NLP)?,https://github.comhttps://github.com/resources/articles/ai/natural-language-processing
What is AI code generation?,https://github.comhttps://github.com/resources/articles/ai/what-is-ai-code-generation
AI coding tools for beginner and expert coders,https://github.comhttps://github.com/resources/articles/ai/ai-coding-tools
AI in Software Development,https://github.comhttps://github.com/resources/articles/ai/ai-in-software-development
